model,pg_compatibility
Qwen2.5-1.5B,31.59687877788768
TinyLlama,24.214343271555197
