model,total_samples,overall_accuracy,overall_exec_rate,total_time_minutes
Qwen2.5-1.5B,15950,28.451410658307207,57.047021943573675,786.4105400000001
TinyLlama,15950,8.601880877742946,31.122257053291534,1125.8170866666667
