model,dataset,total_questions,total_runtime_sec,avg_latency_sec
Qwen2.5-1.5B,atis,5280,19574.0491,3.707206268939394
Qwen2.5-1.5B,custom,100,196.9715,1.9697149999999999
Qwen2.5-1.5B,geography,877,1304.2599,1.4871834663625998
Qwen2.5-1.5B,spider,9693,26109.3519,2.6936296193129063
TinyLlama,atis,5280,20470.6753,3.877021837121212
TinyLlama,custom,100,302.8159,3.028159
TinyLlama,geography,877,2486.5338,2.8352722919042193
TinyLlama,spider,9693,44289.0002,4.5691736510884144
